{
    "path": [
        "Camera Manager",
        "Properties",
        "ProxyHandTool",
        "Components",
        "BP_LPSP_WEP_Body_C SMesh Weapon"
    ],
    "state": {
        "hand": 1,
        "location_offset": {
            "x": -0.2816145420074463,
            "y": 3.689831018447876,
            "z": 0.07200261950492859
        },
        "permanent": true,
        "rotation_offset": {
            "w": 0.707247257232666,
            "x": -0.016243785619735718,
            "y": -0.7066385746002197,
            "z": 0.014120218344032764
        }
    },
    "type": "motion_controller"
}