{
    "BACK_X": 0.0,
    "BACK_Y": 0.0,
    "BACK_Z": 0.0,
    "ENABLE_ITEM_MODE": true,
    "LEFT_P": -24.799999237060547,
    "LEFT_R": -32.29999923706055,
    "LEFT_X": -26.799999237060547,
    "LEFT_Y": -65.9000015258789,
    "LEFT_YAW": -20.600000381469727,
    "LEFT_Z": -11.199999809265137,
    "RIGHT_P": -1.393,
    "RIGHT_R": -0.778,
    "RIGHT_X": 28.748,
    "RIGHT_Y": -46.494,
    "RIGHT_YAW": 0.74,
    "RIGHT_Z": 70.252
}