{
    "path": [
        "Acknowledged Pawn",
        "Components",
        "SkeletalMeshComponent Mesh1P"
    ],
    "state": {
        "hand": 1,
        "location_offset": {
            "x": 15.786138534545898,
            "y": 152.8472900390625,
            "z": 7.892494201660156
        },
        "permanent": true,
        "rotation_offset": {
            "w": -0.6721428632736206,
            "x": 0.01065843552350998,
            "y": 0.7399733066558838,
            "z": 0.023444853723049164
        }
    },
    "type": "motion_controller"
}