{
    "path": [
        "Acknowledged Pawn",
        "Components",
        "InventoryComponent InventoryComp",
        "Properties",
        "InventoryItems",
        "Mirrorgun_C Mirrorgun_C_2146876180",
        "Components",
        "SkeletalMeshComponent ItemMesh"
    ],
    "state": {
        "hand": 1,
        "location_offset": {
            "x": -7.710000038146973,
            "y": -2.8399999141693115,
            "z": -0.38999998569488525
        },
        "permanent": true,
        "rotation_offset": {
            "w": -0.7038453221321106,
            "x": 1.1995771842521208e-07,
            "y": 0.7103532552719116,
            "z": 1.2106690405744303e-07
        }
    },
    "type": "motion_controller"
}