{
    "path": [
        "Acknowledged Pawn",
        "Components",
        "InventoryComponent InventoryComp",
        "Properties",
        "InventoryItems",
        "Device_Tablet_C Device_Tablet_C_2146875682",
        "Components",
        "SkeletalMeshComponent ItemMesh"
    ],
    "state": {
        "hand": 0,
        "location_offset": {
            "x": -0.8500000238418579,
            "y": 7.800000190734863,
            "z": 0.0
        },
        "permanent": true,
        "rotation_offset": {
            "w": -0.2491489201784134,
            "x": -0.4786377251148224,
            "y": 0.6477795839309692,
            "z": 0.5377846360206604
        }
    },
    "type": "motion_controller"
}