{
    "offset": {
        "x": 16.100000381469727,
        "y": 0.0,
        "z": 81.85199737548828
    },
    "path": [
        "Acknowledged Pawn"
    ],
    "type": "camera"
}