{
    "path": [
        "Acknowledged Pawn",
        "Components",
        "PalShooterComponent ShooterComponent",
        "Properties",
        "HasWeapon",
        "Components",
        "SkeletalMeshComponent weapon"
    ],
    "state": {
        "hand": 1,
        "location_offset": {
            "x": -0.22505569458007813,
            "y": 12.044319152832031,
            "z": 1.677015781402588
        },
        "permanent": true,
        "rotation_offset": {
            "w": 0.9994705319404602,
            "x": 0.030241278931498528,
            "y": -0.0040339818224310875,
            "z": -0.011310264468193054
        }
    },
    "type": "motion_controller"
}