{
    "path": [
        "Acknowledged Pawn",
        "Components",
        "PalShooterComponent ShooterComponent",
        "Properties",
        "HasWeapon",
        "Components",
        "SkeletalMeshComponent Mesh"
    ],
    "state": {
        "hand": 1,
        "location_offset": {
            "x": 9.615066528320313,
            "y": 27.26220703125,
            "z": -0.4010429382324219
        },
        "permanent": true,
        "rotation_offset": {
            "w": -0.6911251544952393,
            "x": 0.08296176791191101,
            "y": 0.7179573774337769,
            "z": -0.0007018968462944031
        }
    },
    "type": "motion_controller"
}