{
    "path": [
        "Acknowledged Pawn",
        "Components",
        "SkeletalMeshComponent CharacterMesh0"
    ],
    "state": {
        "hand": 1,
        "location_offset": {
            "x": 25.0,
            "y": 150.05999755859375,
            "z": 0.0
        },
        "permanent": false,
        "rotation_offset": {
            "w": 0.708885908126831,
            "x": -0.10188395529985428,
            "y": -0.6958695650100708,
            "z": 0.05353400111198425
        }
    },
    "type": "motion_controller"
}