{
    "path": [
        "Acknowledged Pawn",
        "Components",
        "PalShooterComponent ShooterComponent",
        "Properties",
        "HasWeapon",
        "Components",
        "SkeletalMeshComponent SkeletalMesh"
    ],
    "state": {
        "hand": 1,
        "location_offset": {
            "x": 0.04999542236328125,
            "y": -10.376065254211426,
            "z": 12.257030487060547
        },
        "permanent": false,
        "rotation_offset": {
            "w": -0.9192011952400208,
            "x": -0.3859545588493347,
            "y": -0.05134517699480057,
            "z": 0.05892380326986313
        }
    },
    "type": "motion_controller"
}