{
    "path": [
        "Acknowledged Pawn",
        "Components",
        "PalShooterComponent ShooterComponent",
        "Properties",
        "HasWeapon",
        "Components",
        "NiagaraComponent NS_TorchFire",
        "Properties",
        "AttachParent"
    ],
    "state": {
        "hand": 1,
        "location_offset": {
            "x": 2.5955758094787598,
            "y": -7.996384620666504,
            "z": 14.426036834716797
        },
        "permanent": false,
        "rotation_offset": {
            "w": -0.9450823068618774,
            "x": -0.2998703122138977,
            "y": -0.1196368932723999,
            "z": 0.05083648860454559
        }
    },
    "type": "motion_controller"
}