{
    "offset": {
        "x": 0,
        "y": 10.299999237060547,
        "z": 52.900001525878906
    },
    "path": [
        "Acknowledged Pawn"
    ],
    "type": "camera"
}