{
    "offset": {
        "x": 23.700000762939453,
        "y": 2.0999999046325684,
        "z": 64.5999984741211
    },
    "path": [
        "Acknowledged Pawn"
    ],
    "type": "camera"
}