{
    "path": [
        "Acknowledged Pawn",
        "Properties",
        "BlueprintCreatedComponents",
        "SceneComponent HandSocket"
    ],
    "state": {
        "hand": 1,
        "location_offset": {
            "x": -4.853059768676758,
            "y": 1.8387351036071777,
            "z": -1.0853519439697266
        },
        "permanent": true,
        "rotation_offset": {
            "w": 0.7184438109397888,
            "x": 0.010564103722572327,
            "y": -0.6933714151382446,
            "z": -0.05443461239337921
        }
    },
    "type": "motion_controller"
}