{
    "path": [
        "Acknowledged Pawn",
        "Components",
        "ChildActorComponent GunActor"
    ],
    "state": {
        "hand": 1,
        "location_offset": {
            "x": -0.23688507080078125,
            "y": 9.596756935119629,
            "z": -4.273774147033691
        },
        "permanent": true,
        "rotation_offset": {
            "w": -0.6952323317527771,
            "x": 0.0525408498942852,
            "y": 0.7164679169654846,
            "z": -0.023773755878210068
        }
    },
    "type": "motion_controller"
}