{
    "path": [
        "Acknowledged Pawn",
        "Properties",
        "CurrentMeleeWeaponBP",
        "Components",
        "StaticMeshComponent WeaponMesh"
    ],
    "state": {
        "hand": 1,
        "location_offset": {
            "x": -0.20038795471191406,
            "y": 20.701723098754883,
            "z": 0.7563261985778809
        },
        "permanent": true,
        "rotation_offset": {
            "w": 0.9745355844497681,
            "x": 0.21691489219665527,
            "y": -0.03951692581176758,
            "z": -0.04082437604665756
        }
    },
    "type": "motion_controller"
}