{
    "offset": {
        "x": 0.0,
        "y": 19.299999237060547,
        "z": 5.051000118255615
    },
    "path": [
        "Acknowledged Pawn",
        "Properties",
        "SK_Helmet"
    ],
    "type": "camera"
}