{
    "path": [
        "Acknowledged Pawn",
        "Components",
        "SkeletalMeshComponent CharacterMesh0",
        "Properties",
        "AttachChildren",
        "SceneComponent DefaultSceneRoot",
        "Properties",
        "AttachChildren",
        "StaticMeshComponent Hammer2"
    ],
    "state": {
        "hand": 1,
        "location_offset": {
            "x": -9.73691177368164,
            "y": 1.58907151222229,
            "z": -2.085214614868164
        },
        "permanent": true,
        "rotation_offset": {
            "w": 0.685917854309082,
            "x": 0.020169900730252266,
            "y": 0.04412325844168663,
            "z": 0.7260598540306091
        }
    },
    "type": "motion_controller"
}