{
    "path": [
        "Acknowledged Pawn",
        "Components",
        "SkeletalMeshComponent CharacterMesh0",
        "Properties",
        "AttachChildren",
        "SceneComponent DefaultSceneRoot",
        "Properties",
        "AttachChildren",
        "StaticMeshComponent WeaponHandle"
    ],
    "state": {
        "hand": 1,
        "location_offset": {
            "x": -21.85041618347168,
            "y": -1.402212142944336,
            "z": -13.426713943481445
        },
        "permanent": true,
        "rotation_offset": {
            "w": 0.7133006453514099,
            "x": 0.026215851306915283,
            "y": 0.027978762984275818,
            "z": 0.6998085975646973
        }
    },
    "type": "motion_controller"
}