{
    "path": [
        "Acknowledged Pawn",
        "Components",
        "SkeletalMeshComponent CharacterMesh0",
        "Properties",
        "AttachChildren",
        "SceneComponent DefaultSceneRoot",
        "Properties",
        "AttachChildren",
        "StaticMeshComponent Hammer"
    ],
    "state": {
        "hand": 1,
        "location_offset": {
            "x": -9.921744346618652,
            "y": 1.0880670547485352,
            "z": -2.0823967456817627
        },
        "permanent": true,
        "rotation_offset": {
            "w": 0.6588010787963867,
            "x": 0.06608661264181137,
            "y": 0.006527312099933624,
            "z": 0.7493804097175598
        }
    },
    "type": "motion_controller"
}