{
    "path": [
        "Acknowledged Pawn",
        "Properties",
        "OwnedSkelMeshes",
        "SkeletalMeshComponent PlayerRightArm"
    ],
    "state": {
        "hand": 1,
        "location_offset": {
            "x": 17.867538452148438,
            "y": -13.67215347290039,
            "z": -12.99028205871582
        },
        "permanent": true,
        "rotation_offset": {
            "w": -0.9995889067649841,
            "x": -0.0011394261382520199,
            "y": -0.028293641284108162,
            "z": -0.004470376297831535
        }
    },
    "type": "motion_controller"
}