{
    "path": [
        "Acknowledged Pawn",
        "Properties",
        "AimHelperCapsuleComponent"
    ],
    "state": {
        "hand": 1,
        "location_offset": {
            "x": 14.4990234375,
            "y": -10.048225402832031,
            "z": 2.5599048137664795
        },
        "permanent": true,
        "rotation_offset": {
            "w": -0.9859134554862976,
            "x": 0.00992954708635807,
            "y": -0.1668379008769989,
            "z": 0.006426733918488026
        }
    },
    "type": "motion_controller"
}