{
    "path": [
        "Acknowledged Pawn",
        "Properties",
        "Mesh",
        "Properties",
        "AttachParent",
        "Properties",
        "AttachChildren",
        "CameraComponent FirstPersonCamera",
        "Properties",
        "AttachChildren",
        "SpringArmComponent SpringArm_MainDrag"
    ],
    "state": {
        "hand": 0,
        "location_offset": {
            "x": 5.560276031494141,
            "y": -19.55846405029297,
            "z": -39.232547760009766
        },
        "permanent": true,
        "rotation_offset": {
            "w": 0.9926607608795166,
            "x": 0.07060211151838303,
            "y": 0.07811498641967773,
            "z": -0.059481147676706314
        }
    },
    "type": "motion_controller"
}