{
    "offset": {
        "x": 461.70001220703125,
        "y": 0.0,
        "z": -15.800000190734863
    },
    "path": [
        "Camera Manager",
        "Properties",
        "RootComponent"
    ],
    "type": "camera"
}