{
    "path": [
        "Acknowledged Pawn",
        "Properties",
        "Children",
        "BP_WP_Claymore_C BP_WP_Claymore_C_2147160052",
        "Properties",
        "RootComponent"
    ],
    "state": {
        "hand": 1,
        "location_offset": {
            "x": -0.25999999046325684,
            "y": 14.729999542236328,
            "z": -11.770000457763672
        },
        "permanent": false,
        "rotation_offset": {
            "w": 0.6907470226287842,
            "x": 0.15283390879631042,
            "y": 0.6742479801177979,
            "z": -0.2118961364030838
        }
    },
    "type": "motion_controller"
}