{
    "path": [
        "Acknowledged Pawn",
        "Properties",
        "Children",
        "SkeletalMeshActor SkeletalMeshActor_2147377037",
        "Properties",
        "RootComponent"
    ],
    "state": {
        "hand": 0,
        "location_offset": {
            "x": -5.111000061035156,
            "y": 0.5040000081062317,
            "z": -1.4420000314712524
        },
        "permanent": true,
        "rotation_offset": {
            "w": 0.5813677906990051,
            "x": -0.40833619236946106,
            "y": 0.6506627798080444,
            "z": 0.2681623101234436
        }
    },
    "type": "motion_controller"
}