{
    "path": [
        "Acknowledged Pawn",
        "Properties",
        "Children",
        "BP_WP_Dragnov_C BP_WP_Dragnov_C_2146585182",
        "Components",
        "SceneComponent RootSceneComponent"
    ],
    "state": {
        "hand": 1,
        "location_offset": {
            "x": -8.006999969482422,
            "y": -7.060999870300293,
            "z": -0.6480000019073486
        },
        "permanent": true,
        "rotation_offset": {
            "w": -0.6049509644508362,
            "x": -0.005219830200076103,
            "y": 0.788856565952301,
            "z": -0.10822375118732452
		},
		"right_hand_rotation_offset": {
			"Pitch": -7.048,
            "Yaw": 15.668,
            "Roll": -10.277
		},
		"left_hand_location_offset" : {
			"x": 0.411,
            "y": 25.667,
            "z": 0.025
		},
		"left_hand_rotation_offset" : {
			"Pitch": -85.382,
            "Yaw": 15.147,
            "Roll": 38.867
		}
    },
    "type": "motion_controller"
}