{
    "path": [
        "Acknowledged Pawn",
        "Properties",
        "Children",
        "BP_WP_EasyGun_C BP_WP_EasyGun_C_2146241673",
        "Properties",
        "RootSceneComponent"
    ],
    "state": {
        "hand": 1,
        "location_offset": {
            "x": -4.486999988555908,
            "y": -4.491000175476074,
            "z": -0.8379999995231628
        },
        "permanent": true,
        "rotation_offset": {
            "w": -0.5983449816703796,
            "x": -0.03894972428679466,
            "y": 0.785906970500946,
            "z": -0.15105122327804565
		},
		"right_hand_rotation_offset": {
			"Pitch": -6.866,
            "Yaw": 16.437,
            "Roll": -16.624
		},
		"left_hand_location_offset" : {
			"x": 2.600,
            "y": -4.580,
            "z": -8.610
		},
		"left_hand_rotation_offset" : {
			"Pitch": -16.440,
            "Yaw": -10.130,
            "Roll": -25.000
		}
    },
    "type": "motion_controller"
}