{
    "path": [
        "Acknowledged Pawn",
        "Properties",
        "Children",
        "BP_WP_FireGrenade_C BP_WP_FireGrenade_C_2147168004",
        "Components",
        "SceneComponent RootSceneComponent"
    ],
    "state": {
        "hand": 1,
        "location_offset": {
            "x": -0.020999999716877937,
            "y": -4.485000133514404,
            "z": 0.8790000081062317
        },
        "permanent": true,
        "rotation_offset": {
            "w": -0.5647030472755432,
            "x": -0.20500558614730835,
            "y": 0.7644428014755249,
            "z": -0.2339024692773819
        },
		"right_hand_rotation_offset": {
			"Pitch": 2.823,
            "Yaw": 16.171,
            "Roll": -36.147
		}
    },
    "type": "motion_controller"
}