{
    "path": [
        "Acknowledged Pawn",
        "Properties",
        "Children",
        "BP_WP_Grenade_C BP_WP_Grenade_C_2147168003",
        "Components",
        "SceneComponent RootSceneComponent"
    ],
    "state": {
        "hand": 1,
        "location_offset": {
            "x": 0.16437384486198425,
            "y": -0.5600000023841858,
            "z": 0.8307715654373169
        },
        "permanent": true,
        "rotation_offset": {
            "w": -0.5146873593330383,
            "x": -0.15062004327774048,
            "y": 0.8074176907539368,
            "z": -0.24594150483608246
        },
		"right_hand_rotation_offset": {
			"Pitch": -0.569,
            "Yaw": 25.141,
            "Roll": -33.520
		}
    },
    "type": "motion_controller"
}