{
    "path": [
        "Acknowledged Pawn",
        "Properties",
        "Children",
        "BP_WP_Gove_C BP_WP_Gove_C_2147469460",
        "Components",
        "SceneComponent RootSceneComponent"
    ],
    "state": {
        "hand": 1,
        "location_offset": {
            "x": -4.63700008392334,
            "y": -4.730999946594238,
            "z": -0.6380000114440918
        },
        "permanent": true,
        "rotation_offset": {
            "w": -0.5983449816703796,
            "x": -0.03894972428679466,
            "y": 0.785906970500946,
            "z": -0.15105122327804565
        },
		"right_hand_rotation_offset": {
			"Pitch": -6.866,
            "Yaw": 16.437,
            "Roll": -16.624
		},
		"left_hand_location_offset" : {
			"x": 2.920,
            "y": -3.870,
            "z": -7.870
		},
		"left_hand_rotation_offset" : {
			"Pitch": -16.440,
            "Yaw": -10.130,
            "Roll": -25.0
		}
    },
    "type": "motion_controller"
}