{
    "path": [
        "Acknowledged Pawn",
        "Properties",
        "Children",
        "BP_WP_Handkerchief_C BP_WP_Handkerchief_C_2147168002",
        "Components",
        "SkeletalMeshComponent HandkerchiefMesh"
    ],
    "state": {
        "hand": 1,
        "location_offset": {
            "x": 1.8739999532699585,
            "y": -0.09200000017881393,
            "z": -0.057999998331069946
        },
        "permanent": true,
        "rotation_offset": {
            "w": 0.03969738259911537,
            "x": 0.02835364080965519,
            "y": 0.9579757452011108,
            "z": -0.28267043828964233
        },
		"right_hand_rotation_offset": {
			"Pitch": -1.827,
            "Yaw": 95.286,
            "Roll": -32.964
		}
    },
    "type": "motion_controller"
}