{
    "path": [
        "Acknowledged Pawn",
        "Properties",
        "Children",
        "BP_WP_Ithaca_C BP_WP_Ithaca_C_2147469456",
        "Components",
        "SceneComponent RootSceneComponent"
    ],
    "state": {
        "hand": 1,
        "location_offset": {
            "x": -15.946999549865723,
            "y": -0.3109999895095825,
            "z": -0.2879999876022339
        },
        "permanent": true,
        "rotation_offset": {
            "w": -0.613711953163147,
            "x": 0.09201744943857193,
            "y": 0.7839659452438354,
            "z": 0.016964193433523178
		},
		"right_hand_rotation_offset": {
			"Pitch": -7.092,
            "Yaw": 13.388,
            "Roll": 8.084
		},
		"left_hand_location_offset" : {
			"x": 0.831,
            "y": 35.727,
            "z": 1.365
		},
		"left_hand_rotation_offset" : {
			"Pitch": -80.098,
            "Yaw": -168.983,
            "Roll": -135.253
		}
    },
    "type": "motion_controller"
}