{
    "path": [
        "Acknowledged Pawn",
        "Properties",
        "Children",
        "BP_WP_M63_C BP_WP_M63_C_2147469477",
        "Components",
        "SceneComponent RootSceneComponent"
    ],
    "state": {
        "hand": 1,
        "location_offset": {
            "x": -3.677000045776367,
            "y": -5.160999774932861,
            "z": -0.4580000042915344
        },
        "permanent": true,
        "rotation_offset": {
            "w": -0.5983449816703796,
            "x": -0.03894972428679466,
            "y": 0.785906970500946,
            "z": -0.15105122327804565
        },
		"right_hand_rotation_offset": {
			"Pitch": -6.866,
            "Yaw": 16.437,
            "Roll": -16.624
		},
		"left_hand_location_offset" : {
			"x": 0.561,
            "y": 22.847,
            "z": 2.145
		},
		"left_hand_rotation_offset" : {
			"Pitch": -79.888,
            "Yaw": -167.013,
            "Roll": -138.913
		}
    },
    "type": "motion_controller"
}