{
    "state": {
        "hand": 1,
        "location_offset": {
            "x": -1.98,
            "y": 2.42,
            "z": -8
        },
        "permanent": true,
        "rotation_offset": {
            "w": 0.5972509980201721,
            "x": -0.28844791650772095,
            "y": 0.5920276641845703,
            "z": 0.45781251788139343
        }
    },
    "type": "motion_controller"
}