{
    "path": [
        "Acknowledged Pawn",
        "Properties",
        "Children",
        "BP_WP_MosinNagant_C BP_WP_MosinNagant_C_2146585185",
        "Components",
        "SceneComponent RootSceneComponent"
    ],
    "state": {
        "hand": 1,
        "location_offset": {
            "x": -8.027000427246094,
            "y": -8.800999641418457,
            "z": -0.9279999732971191
        },
        "permanent": true,
        "rotation_offset": {
            "w": -0.5983449816703796,
            "x": -0.03894972428679466,
            "y": 0.785906970500946,
            "z": -0.15105122327804565
		},
		"right_hand_rotation_offset": {
			"Pitch": -6.866,
            "Yaw": 16.437,
            "Roll": -16.624
		},
		"left_hand_location_offset" : {
			"x": 0.601,
            "y": 20.187,
            "z": -1.795
		},
		"left_hand_rotation_offset" : {
			"Pitch": -85.382,
            "Yaw": 15.147,
            "Roll": 38.867
		}
    },
    "type": "motion_controller"
}