{
    "path": [
        "Acknowledged Pawn",
        "Properties",
        "Children",
        "BP_WP_Mk22_C BP_WP_Mk22_C_2147440039",
        "Components",
        "SceneComponent RootSceneComponent"
    ],
    "state": {
        "hand": 1,
        "location_offset": {
            "x": -4.0370001792907715,
            "y": -4.330999851226807,
            "z": -0.6679999828338623
        },
        "permanent": true,
        "rotation_offset": {
            "w": -0.5983449816703796,
            "x": -0.03894972428679466,
            "y": 0.785906970500946,
            "z": -0.15105122327804565
		},
		"right_hand_rotation_offset": {
			"Pitch": -6.866,
            "Yaw": 16.437,
            "Roll": -16.624
		},
		"left_hand_location_offset" : {
			"x": 1.910,
            "y": -4.150,
            "z": -7.860
		},
		"left_hand_rotation_offset" : {
			"Pitch": -22.830,
            "Yaw": -10.380,
            "Roll": -14.040
		}
    },
    "type": "motion_controller"
}