{
    "path": [
        "Acknowledged Pawn",
        "Properties",
        "Children",
        "BP_WP_M16a1_C BP_WP_M16a1_C_2147469452",
        "Components",
        "SceneComponent RootSceneComponent"
    ],
    "state": {
        "hand": 1,
        "location_offset": {
            "x": -2.63700008392334,
            "y": -4.250999927520752,
            "z": -0.5180000066757202
        },
        "permanent": true,
        "rotation_offset": {
            "w": -0.6049509644508362,
            "x": -0.005219830200076103,
            "y": 0.788856565952301,
            "z": -0.10822375118732452
        },
		"right_hand_rotation_offset": {
			"Pitch": -7.048,
            "Yaw": 15.668,
            "Roll": -10.277
		},
		"left_hand_location_offset" : {
			"x": 0.581,
            "y": 20.977,
            "z": 3.975
		},
		"left_hand_rotation_offset" : {
			"Pitch": -85.542,
            "Yaw": 15.147,
            "Roll": 36.087
		}
    },
    "type": "motion_controller"
}