{
    "path": [
        "Acknowledged Pawn",
        "Properties",
        "Children",
        "BP_WP_PatriotPostol_C BP_WP_PatriotPostol_C_2147459888",
        "Properties",
        "RootSceneComponent"
    ],
    "state": {
        "hand": 1,
        "location_offset": {
            "x": -2.947000026702881,
            "y": -4.781000137329102,
            "z": -0.5180000066757202
        },
        "permanent": true,
        "rotation_offset": {
            "w": -0.6049509644508362,
            "x": -0.005219830200076103,
            "y": 0.788856565952301,
            "z": -0.10822375118732452
        },
		"right_hand_rotation_offset": {
			"Pitch": -7.048,
            "Yaw": 15.668,
            "Roll": -10.277
		},
		"left_hand_location_offset" : {
			"x": 1.131,
            "y": 20.977,
            "z": 3.835
		},
		"left_hand_rotation_offset" : {
			"Pitch": -79.448,
            "Yaw": -149.453,
            "Roll": -149.803
		}
    },
    "type": "motion_controller"
}