{
    "path": [
        "Acknowledged Pawn",
        "Properties",
        "Children",
        "BP_WP_Rpg_C BP_WP_Rpg_C_2146585188",
        "Components",
        "SceneComponent RootSceneComponent"
    ],
    "state": {
        "hand": 1,
        "location_offset": {
            "x": -2.546999931335449,
            "y": -5.951000213623047,
            "z": -1.0779999494552612
        },
        "permanent": true,
        "rotation_offset": {
            "w": -0.6134939789772034,
            "x": -0.16912928223609924,
            "y": 0.7436347007751465,
            "z": -0.2050067037343979
        },
		"right_hand_rotation_offset": {
			"Pitch": 0.000,
            "Yaw": 10.955,
            "Roll": -30.825
		},
		"left_hand_location_offset" : {
			"x": -1.160,
            "y": -18.100,
            "z": -5.240
		},
		"left_hand_rotation_offset" : {
			"Pitch": 0.000,
            "Yaw": 79.510,
            "Roll": -39.250
		}
    },
    "type": "motion_controller"
}