{
    "path": [
        "Acknowledged Pawn",
        "Properties",
        "Children",
        "BP_WP_SAArmy_C BP_WP_SAArmy_C_2147469464",
        "Components",
        "SceneComponent RootSceneComponent"
    ],
    "state": {
        "hand": 1,
        "location_offset": {
            "x": -6.747000217437744,
            "y": -2.3910000324249268,
            "z": -0.538
        },
        "permanent": true,
        "rotation_offset": {
            "w": -0.5983449816703796,
            "x": -0.03894972428679466,
            "y": 0.785906970500946,
            "z": -0.15105122327804565
		},
		"right_hand_rotation_offset": {
			"Pitch": -6.866,
            "Yaw": 16.437,
            "Roll": -16.624
		},
		"left_hand_location_offset" : {
			"x": 2.510,
            "y": -7.230,
            "z": -6.180
		},
		"left_hand_rotation_offset" : {
			"Pitch": -16.440,
            "Yaw": -10.130,
            "Roll": -25.000
		}
    },
    "type": "motion_controller"
}