{
    "path": [
        "Acknowledged Pawn",
        "Properties",
        "Children",
        "BP_WP_SmokeGrenade_C BP_WP_SmokeGrenade_C_2147168007",
        "Components",
        "SceneComponent RootSceneComponent"
    ],
    "state": {
        "hand": 1,
        "location_offset": {
            "x": 0.29499998688697815,
            "y": -3.509000062942505,
            "z": 0.5400000214576721
        },
        "permanent": true,
        "rotation_offset": {
            "w": -0.5925865173339844,
            "x": -0.2180880606174469,
            "y": 0.7557205557823181,
            "z": -0.17368128895759583
        },
		"right_hand_rotation_offset": {
			"Pitch": 7.111,
            "Yaw": 11.778,
            "Roll": -31.670
		}
    },
    "type": "motion_controller"
}