{
    "path": [
        "Acknowledged Pawn",
        "Properties",
        "Children",
        "BP_WP_StunGrenade_C BP_WP_StunGrenade_C_2147168005",
        "Components",
        "SceneComponent RootSceneComponent"
    ],
    "state": {
        "hand": 1,
        "location_offset": {
            "x": 0.1599999964237213,
            "y": -3.7850000858306885,
            "z": 0.5569999814033508
        },
        "permanent": true,
        "rotation_offset": {
            "w": -0.34503641724586487,
            "x": -0.12609969079494476,
            "y": 0.8991137146949768,
            "z": -0.23799851536750793
        },
		"right_hand_rotation_offset": {
			"Pitch": 3.584,
            "Yaw": 47.015,
            "Roll": -31.065
		}
    },
    "type": "motion_controller"
}