{
    "path": [
        "Acknowledged Pawn",
        "Properties",
        "Children",
        "BP_WP_Scorpion_C BP_WP_Scorpion_C_2147469468",
        "Components",
        "SceneComponent RootSceneComponent"
    ],
    "state": {
        "hand": 1,
        "location_offset": {
            "x": -3.496999979019165,
            "y": -5.190999984741211,
            "z": -0.578000009059906
        },
        "permanent": true,
        "rotation_offset": {
            "w": -0.5983449816703796,
            "x": -0.03894972428679466,
            "y": 0.785906970500946,
            "z": -0.15105122327804565
		},
		"right_hand_rotation_offset": {
			"Pitch": -6.866,
            "Yaw": 16.437,
            "Roll": -16.624
		},
		"left_hand_location_offset" : {
			"x": 1.281,
            "y": 10.017,
            "z": -4.795
		},
		"left_hand_rotation_offset" : {
			"Pitch": -9.150,
            "Yaw": 80.310,
            "Roll":-38.830
		}
    },
    "type": "motion_controller"
}