{
    "path": [
        "Acknowledged Pawn",
        "Properties",
        "Children",
        "BP_WP_Tnt_C BP_WP_Tnt_C_2147160048",
        "Properties",
        "RootComponent"
    ],
    "state": {
        "hand": 1,
        "location_offset": {
            "x": 1.2400000095367432,
            "y": 1.3700000047683716,
            "z": 3.990000009536743
        },
        "permanent": false,
        "rotation_offset": {
            "w": 0.8242653608322144,
            "x": 0.23929348587989807,
            "y": -0.49415865540504456,
            "z": 0.13832014799118042
        }
    },
    "type": "motion_controller"
}