{
    "path": [
        "Acknowledged Pawn",
        "Properties",
        "Children",
        "BP_WP_TntTrigger_C BP_WP_TntTrigger_C_2147215024",
        "Properties",
        "RootComponent"
    ],
    "state": {
        "hand": 0,
        "location_offset": {
            "x": 1.9989999532699585,
            "y": -2.7060000896453857,
            "z": -0.75
        },
        "permanent": true,
        "rotation_offset": {
            "w": 0.4736865758895874,
            "x": 0.03234078362584114,
            "y": 0.8662266135215759,
            "z": -0.155648872256279
        }
    },
    "type": "motion_controller"
}