{
    "path": [
        "Acknowledged Pawn",
        "Properties",
        "Children",
        "BP_S47Dual_C BP_S47Dual_C_2147365323",
        "Components",
        "SkeletalMeshComponent FPMesh"
    ],
    "state": {
        "hand": 0,
        "location_offset": {
            "x": 0.0,
            "y": 0.0,
            "z": 0.0
        },
        "permanent": false,
        "rotation_offset": {
            "w": -0.6764644384384155,
            "x": -0.08843917399644852,
            "y": 0.7249764204025269,
            "z": -0.09478145837783813
        }
    },
    "type": "motion_controller"
}