{
    "path": [
        "Acknowledged Pawn",
        "Properties",
        "Children",
        "BP_TNT_C BP_TNT_C_2146783700",
        "Components",
        "SkeletalMeshComponent FPMesh"
    ],
    "state": {
        "hand": 1,
        "location_offset": {
            "x": 0.0,
            "y": 0.0,
            "z": 0.0
        },
        "permanent": false,
        "rotation_offset": {
            "w": 0.8407121300697327,
            "x": -0.025228992104530334,
            "y": -0.01622442714869976,
            "z": -0.5406509041786194
        }
    },
    "type": "motion_controller"
}