{
    "path": [
        "Acknowledged Pawn",
        "Components",
        "SkeletalMeshComponent Tool1P"
    ],
    "state": {
        "hand": 1,
        "location_offset": {
            "x": -3.974055290222168,
            "y": 36.9133415222168,
            "z": 14.182022094726563
        },
        "permanent": false,
        "rotation_offset": {
            "w": -0.9925224781036377,
            "x": -0.03811199590563774,
            "y": 0.1155540719628334,
            "z": -0.009687262587249279
        }
    },
    "type": "motion_controller"
}