{
    "path": [
        "Acknowledged Pawn",
        "Properties",
        "Children",
        "BPWeaponTool_C BPWeaponTool_C_0",
        "Components",
        "SkeletalMeshComponent Mesh1P"
    ],
    "state": {
        "hand": 0,
        "location_offset": {
            "x": 2.6033239364624023,
            "y": -2.0903983116149902,
            "z": 1.5497498512268066
        },
        "permanent": true,
        "rotation_offset": {
            "w": 0.7018817067146301,
            "x": -0.010503491386771202,
            "y": -0.7119920253753662,
            "z": -0.01785864308476448
        }
    },
    "type": "motion_controller"
}