{
    "offset": {
        "x": -5.199999809265137,
        "y": 3.4000000953674316,
        "z": 57.946998596191406
    },
    "path": [
        "Acknowledged Pawn"
    ],
    "type": "camera"
}