{
    "path": [
        "Acknowledged Pawn",
        "Properties",
        "OwnedWeapon",
        "Properties",
        "RootComponent"
    ],
    "state": {
        "hand": 1,
        "location_offset": {
            "x": 0.34200000762939453,
            "y": 1.0850000381469727,
            "z": -6.031000137329102
        },
        "permanent": true,
        "rotation_offset": {
            "w": -0.7058749794960022,
            "x": 0.0445861779153347,
            "y": 0.7068299055099487,
            "z": 0.012004416435956955
        }
    },
    "type": "motion_controller"
}