{
    "path": [
        "Acknowledged Pawn",
        "Components",
        "SkeletalMeshComponent SkeletalMeshComponent_2147475338"
    ],
    "state": {
        "hand": 0,
        "location_offset": {
            "x": -18.376148223876953,
            "y": 1.027632236480713,
            "z": -56.10209655761719
        },
        "permanent": true,
        "rotation_offset": {
            "w": 0.9890349507331848,
            "x": 0.10096566379070282,
            "y": -0.08164948970079422,
            "z": 0.07035133242607117
        }
    },
    "type": "motion_controller"
}