{
    "path": [
        "Acknowledged Pawn",
        "Properties",
        "OwnedSkelMeshes",
        "SkeletalMeshComponent SkeletalMeshComponent_2147475227",
        "Properties",
        "AttachParent"
    ],
    "state": {
        "hand": 1,
        "location_offset": {
            "x": 14.742271423339844,
            "y": -6.835750579833984,
            "z": -30.594562530517578
        },
        "permanent": false,
        "rotation_offset": {
            "w": 0.9992038011550903,
            "x": 0.0016481727361679077,
            "y": 0.026192188262939453,
            "z": 0.030046457424759865
        }
    },
    "type": "motion_controller"
}