{
    "path": [
        "Acknowledged Pawn",
        "Properties",
        "Children",
        "Gus_WeaponItem_BP_C Gus_WeaponItem_BP_C_2147465111",
        "Properties",
        "Children",
        "Gus_WeaponAttachment_BP_C Gus_WeaponAttachment_BP_C_2147465108",
        "Components",
        "SkeletalMeshComponent ItemMesh"
    ],
    "state": {
        "hand": 1,
        "location_offset": {
            "x": 13.68993854522705,
            "y": -12.894927024841309,
            "z": -28.04874038696289
        },
        "permanent": true,
        "rotation_offset": {
            "w": 0.9926259517669678,
            "x": 0.05753890424966812,
            "y": 0.0793514996767044,
            "z": 0.07131768763065338
        }
    },
    "type": "motion_controller"
}