{
    "path": [
        "Acknowledged Pawn",
        "Properties",
        "Children",
        "BP_Sheath_Weapon_item_C BP_Sheath_Weapon_item_C_2147472573",
        "Properties",
        "Children",
        "BP_Sheath_WeaponAttachment_C BP_Sheath_WeaponAttachment_C_2147472570",
        "Components",
        "SkeletalMeshComponent ItemMesh"
    ],
    "state": {
        "hand": 1,
        "location_offset": {
            "x": 10.829708099365234,
            "y": -11.176528930664063,
            "z": -23.063812255859375
        },
        "permanent": false,
        "rotation_offset": {
            "w": 0.9945774674415588,
            "x": 0.07021939009428024,
            "y": -0.010399119928479195,
            "z": 0.07600599527359009
        }
    },
    "type": "motion_controller"
}