{
    "path": [
        "Acknowledged Pawn",
        "Components",
        "xxWeaponMeshComponent xxWeaponMeshComponent_2147462993"
    ],
    "state": {
        "hand": 1,
        "location_offset": {
            "x": 0.0,
            "y": -20.0,
            "z": 20.0
        },
        "permanent": false,
        "rotation_offset": {
            "w": 0.5985622406005859,
            "x": 0.5763168334960938,
            "y": 0.4025079309940338,
            "z": -0.3841477930545807
        }
    },
    "type": "motion_controller"
}