{
    "path": [
        "Acknowledged Pawn",
        "Properties",
        "Children",
        "Equip_HoverPack_C Equip_HoverPack_C_2147395168",
        "Components",
        "SkeletalMeshComponent SK_1pHoverPack_01"
    ],
    "state": {
        "hand": 0,
        "location_offset": {
            "x": 33.47932434082031,
            "y": 95.58709716796875,
            "z": -26.07836151123047
        },
        "permanent": true,
        "rotation_offset": {
            "w": 0.5268487930297852,
            "x": -0.027923068031668663,
            "y": -0.841970682144165,
            "z": -0.11285386979579926
        }
    },
    "type": "motion_controller"
}