{
    "path": [
        "Acknowledged Pawn",
        "Properties",
        "Children",
        "Equip_RebarGun_Projectile_C Equip_RebarGun_Projectile_C_2147132174",
        "Components",
        "SkeletalMeshComponent RebarGun_skl"
    ],
    "state": {
        "hand": 1,
        "location_offset": {
            "x": -7.377474784851074,
            "y": -8.853130340576172,
            "z": -1.8689041137695313
        },
        "permanent": true,
        "rotation_offset": {
            "w": 0.6808806657791138,
            "x": 0.19657200574874878,
            "y": -0.7006388306617737,
            "z": 0.0828622430562973
        }
    },
    "type": "motion_controller"
}