{
    "path": [
        "Acknowledged Pawn",
        "Components",
        "SkeletalMeshComponent CharacterMesh0",
        "Properties",
        "AttachChildren",
        "SkeletalMeshComponent SkeletalMesh"
    ],
    "state": {
        "hand": 1,
        "location_offset": {
            "x": -6.629962921142578,
            "y": 3.0619592666625977,
            "z": 6.187195777893066
        },
        "permanent": true,
        "rotation_offset": {
            "w": -0.9527914524078369,
            "x": 0.0256731566041708,
            "y": 0.2844274044036865,
            "z": 0.10310474038124084
        }
    },
    "type": "motion_controller"
}