{
    "offset": {
        "x": 21.200000762939453,
        "y": 0.0,
        "z": 73.23500061035156
    },
    "path": [
        "Acknowledged Pawn"
    ],
    "type": "camera"
}