{
    "path": [
        "Acknowledged Pawn",
        "Properties",
        "FPMesh"
    ],
    "state": {
        "hand": 1,
        "location_offset": {
            "x": 51.81523132324219,
            "y": 24.21698570251465,
            "z": 9.530288696289063
        },
        "permanent": true,
        "rotation_offset": {
            "w": 0.709153950214386,
            "x": 0.0023617204278707504,
            "y": -0.7050496935844421,
            "z": -0.00024796195793896914
        }
    },
    "type": "motion_controller"
}