{
    "path": [
        "Acknowledged Pawn",
        "Components",
        "SpringArmComponent FirstPersonItem_SpringArm"
    ],
    "state": {
        "hand": 1,
        "location_offset": {
            "x": -3.0595860481262207,
            "y": -10.33419418334961,
            "z": -46.08075714111328
        },
        "permanent": true,
        "rotation_offset": {
            "w": 0.9991085529327393,
            "x": 0.03953923285007477,
            "y": 0.013435961678624153,
            "z": 0.006172284949570894
        }
    },
    "type": "motion_controller"
}