{
    "path": [
        "Acknowledged Pawn",
        "Properties",
        "Children",
        "BP_CryoLauncher_C BP_CryoLauncher_C_2147462055",
        "Components",
        "SkeletalMeshComponent WeaponMesh"
    ],
    "state": {
        "hand": 1,
        "location_offset": {
            "x": 11.163751602172852,
            "y": 6.228127956390381,
            "z": -0.3671722412109375
        },
        "permanent": true,
        "rotation_offset": {
            "w": 0.7014099359512329,
            "x": 0.040148522704839706,
            "y": -0.7105158567428589,
            "z": -0.03974153846502304
        }
    },
    "type": "motion_controller"
}