{
    "path": [
        "Acknowledged Pawn",
        "Properties",
        "Children",
        "BP_EnergyRail_C BP_EnergyRail_C_2147462568",
        "Properties",
        "ModMesh"
    ],
    "state": {
        "hand": 1,
        "location_offset": {
            "x": 0.0002704290673136711,
            "y": -2.5859051675070077e-05,
            "z": -3.0627765227109194e-05
        },
        "permanent": true,
        "rotation_offset": {
            "w": -1.0,
            "x": -5.140900611877441e-07,
            "y": 1.494772732257843e-07,
            "z": -3.3527612686157227e-08
        }
    },
    "type": "motion_controller"
}