{
    "path": [
        "Acknowledged Pawn",
        "Properties",
        "Children",
        "BP_CryoLauncher_C BP_CryoLauncher_C_2147462055",
        "Components",
        "NiagaraComponent NS_CryoLauncher_SmallerBuildUp1"
    ],
    "state": {
        "hand": 1,
        "location_offset": {
            "x": -3.84072208404541,
            "y": 1.2751314640045166,
            "z": -4.440438747406006
        },
        "permanent": true,
        "rotation_offset": {
            "w": 0.9987514615058899,
            "x": -0.021907702088356018,
            "y": 0.015622462145984173,
            "z": -0.042086370289325714
        }
    },
    "type": "motion_controller"
}