{
    "path": [
        "Acknowledged Pawn",
        "Properties",
        "Children",
        "BP_ThermiteCharger_C BP_ThermiteCharger_C_2147436207",
        "Components",
        "SkeletalMeshComponent WeaponMesh"
    ],
    "state": {
        "hand": 1,
        "location_offset": {
            "x": 9.873531341552734,
            "y": 5.174324035644531,
            "z": 1.1000556945800781
        },
        "permanent": true,
        "rotation_offset": {
            "w": -0.7012404203414917,
            "x": 0.04459309205412865,
            "y": 0.7112091183662415,
            "z": 0.021335162222385406
        }
    },
    "type": "motion_controller"
}