{
    "path": [
        "Acknowledged Pawn",
        "Components",
        "SkeletalMeshComponent CharacterMesh0",
        "Properties",
        "AttachChildren",
        "SceneComponent DefaultSceneRoot1",
        "Properties",
        "AttachChildren",
        "StaticMeshComponent MI_hummer"
    ],
    "state": {
        "hand": 1,
        "location_offset": {
            "x": 1.330651879310608,
            "y": -8.4846773147583,
            "z": 0.6685525178909302
        },
        "permanent": true,
        "rotation_offset": {
            "w": 0.21103422343730927,
            "x": -0.010585527867078781,
            "y": 0.9772002696990967,
            "z": 0.02079354040324688
        }
    },
    "type": "motion_controller"
}