{
    "path": [
        "Acknowledged Pawn",
        "Components",
        "SkeletalMeshComponent CharacterMesh0",
        "Properties",
        "AttachChildren",
        "StaticMeshComponent Cone"
    ],
    "state": {
        "hand": 1,
        "location_offset": {
            "x": 1.0071600675582886,
            "y": -3.0796213150024414,
            "z": -4.63540506362915
        },
        "permanent": true,
        "rotation_offset": {
            "w": -0.008516568690538406,
            "x": -0.038527000695466995,
            "y": 0.9992035031318665,
            "z": 0.005954095162451267
        }
    },
    "type": "motion_controller"
}