{
    "path": [
        "Acknowledged Pawn",
        "Components",
        "StaticMeshComponent Primary Render Plane"
    ],
    "state": {
        "hand": 1,
        "location_offset": {
            "x": -4.836207389831543,
            "y": -3.492180109024048,
            "z": 4.997348785400391
        },
        "permanent": true,
        "rotation_offset": {
            "w": 0.07831667363643646,
            "x": -0.018116142600774765,
            "y": -0.9733175039291382,
            "z": 0.21492093801498413
        }
    },
    "type": "motion_controller"
}