{
    "offset": {
        "x": -0.30000001192092896,
        "y": 3.799999952316284,
        "z": 166.36300659179688
    },
    "path": [
        "Acknowledged Pawn",
        "Components",
        "SkeletalMeshComponent CharacterMesh0"
    ],
    "type": "camera"
}