{
    "path": [
        "Acknowledged Pawn",
        "Properties",
        "current weapon",
        "Components",
        "ItemComp_Pickable_C ItemComp_Pickable"
    ],
    "state": {
        "hand": 1,
        "location_offset": {
            "x": 8.824899673461914,
            "y": 2.3274519443511963,
            "z": 4.178129196166992
        },
        "permanent": true,
        "rotation_offset": {
            "w": 0.7238414883613586,
            "x": 0.04179960861802101,
            "y": -0.6826010346412659,
            "z": -0.09144453704357147
        }
    },
    "type": "motion_controller"
}