{
    "path": [
        "Acknowledged Pawn",
        "Properties",
        "Flashlgith",
        "Components",
        "StaticMeshComponent StaticMeshComponent0"
    ],
    "state": {
        "hand": 0,
        "location_offset": {
            "x": 0.11847233772277832,
            "y": -0.027313947677612305,
            "z": -4.217007637023926
        },
        "permanent": true,
        "rotation_offset": {
            "w": 0.9721362590789795,
            "x": -0.05607125163078308,
            "y": 0.02244454063475132,
            "z": -0.22650256752967834
        }
    },
    "type": "motion_controller"
}