{
    "offset": {
        "x": 10.100000381469727,
        "y": 3.200000047683716,
        "z": 80.5999984741211
    },
    "path": [
        "Acknowledged Pawn"
    ],
    "type": "camera"
}