{
    "offset": {
        "x": -2.5999999046325684,
        "y": 0.0,
        "z": 12.699999809265137
    },
    "path": [
        "Camera Manager",
        "Properties",
        "RootComponent"
    ],
    "type": "camera"
}