{
    "path": [
        "Acknowledged Pawn",
        "Properties",
        "InventoryComponent",
        "Properties",
        "ActiveItem",
        "Properties",
        "RootComponent"
    ],
    "state": {
        "hand": 1,
        "location_offset": {
            "x": -18.67913055419922,
            "y": -0.6047935485839844,
            "z": -0.4126701354980469
        },
        "permanent": true,
        "rotation_offset": {
            "w": 0.7099564075469971,
            "x": -0.01226854883134365,
            "y": -0.7041046023368835,
            "z": 0.006947025656700134
        }
    },
    "type": "motion_controller"
}