{
    "path": [
        "Acknowledged Pawn",
        "Components",
        "SkeletalMeshComponent PawnMesh1P"
    ],
    "state": {
        "hand": 1,
        "location_offset": {
            "x": 16.41222381591797,
            "y": 131.88917541503906,
            "z": -33.907291412353516
        },
        "permanent": false,
        "rotation_offset": {
            "w": 0.9935719966888428,
            "x": -0.020864378660917282,
            "y": -0.04410580173134804,
            "z": 0.1021476536989212
        }
    },
    "type": "motion_controller"
}