{
    "path": [
        "Player Controller",
        "Properties",
        "AcknowledgedPawn",
        "Components",
        "SkeletalMeshComponent Mesh2P"
    ],
    "state": {
        "hand": 1,
        "location_offset": {
            "x": -2.8941526412963867,
            "y": 133.01904296875,
            "z": 16.898242950439453
        },
        "permanent": true,
        "rotation_offset": {
            "w": 0.7349877953529358,
            "x": 0.08624424785375595,
            "y": -0.669143557548523,
            "z": -0.06783647835254669
        }
    },
    "type": "motion_controller"
}