{
    "path": [
        "Acknowledged Pawn",
        "Properties",
        "Children",
        "Eqp_Radio_C Eqp_Radio_C_2147469551",
        "Components",
        "SkeletalMeshComponent Wep_Skeli"
    ],
    "state": {
        "hand": 1,
        "location_offset": {
            "x": 0.6684975624084473,
            "y": 11.505999565124512,
            "z": -1.7280000448226929
        },
        "permanent": true,
        "rotation_offset": {
            "w": 0.9369057416915894,
            "x": 0.3056471645832062,
            "y": -0.16966819763183594,
            "z": 0.00040863032336346805
        }
    },
    "type": "motion_controller"
}