{
    "path": [
        "Acknowledged Pawn",
        "Properties",
        "Children",
        "Eqp_IED_Thermo_C Eqp_IED_Thermo_C_2147469050",
        "Components",
        "SkeletalMeshComponent Wep_Skeli"
    ],
    "state": {
        "hand": 1,
        "location_offset": {
            "x": -6.949999809265137,
            "y": -0.10999999940395355,
            "z": 2.619999885559082
        },
        "permanent": true,
        "rotation_offset": {
            "w": -0.6587027907371521,
            "x": 0.20376057922840118,
            "y": 0.6919382214546204,
            "z": 0.21404162049293518
        }
    },
    "type": "motion_controller"
}