{
    "path": [
        "Acknowledged Pawn",
        "Properties",
        "Children",
        "Wep_RPG_01_C Wep_RPG_01_C_2147464506",
        "Components",
        "SkeletalMeshComponent Wep_Skeli"
    ],
    "state": {
        "hand": 1,
        "location_offset": {
            "x": 5.0,
            "y": 0.0,
            "z": 0.0
        },
        "permanent": true,
        "rotation_offset": {
            "w": -0.6801341772079468,
            "x": -0.11325187236070633,
            "y": 0.714449942111969,
            "z": -0.11896594613790512
        }
    },
    "type": "motion_controller"
}