{
    "path": [
        "Acknowledged Pawn",
        "Properties",
        "Children",
        "Wep_SG542_02_C Wep_SG542_02_C_2147478417",
        "Components",
        "SkeletalMeshComponent Wep_Skeli"
    ],
    "state": {
        "hand": 1,
        "location_offset": {
            "x": 0.0,
            "y": 0.0,
            "z": 0.0
        },
        "permanent": true,
        "rotation_offset": {
            "w": -0.6801339387893677,
            "x": -0.11325160413980484,
            "y": 0.7144501805305481,
            "z": -0.11896590143442154
        }
    },
    "type": "motion_controller"
}