{
    "path": [
        "Acknowledged Pawn",
        "Properties",
        "Children",
        "Eqp_LandMine_C Eqp_LandMine_C_2147471653",
        "Components",
        "SkeletalMeshComponent Wep_Skeli"
    ],
    "state": {
        "hand": 1,
        "location_offset": {
            "x": 0.019999999552965164,
            "y": -0.14000000059604645,
            "z": -9.739999771118164
        },
        "permanent": true,
        "rotation_offset": {
            "w": 0.6895578503608704,
            "x": -0.15782268345355988,
            "y": 0.6890090703964233,
            "z": 0.15769730508327484
        }
    },
    "type": "motion_controller"
}