{
    "path": [
        "Acknowledged Pawn",
        "Properties",
        "Children",
        "Eqp_IED_Frag_C Eqp_IED_Frag_C_2147475008",
        "Components",
        "SkeletalMeshComponent Wep_Skeli"
    ],
    "state": {
        "hand": 1,
        "location_offset": {
            "x": -9.699999809265137,
            "y": 0.0,
            "z": 0.0
        },
        "permanent": true,
        "rotation_offset": {
            "w": -0.686880350112915,
            "x": 0.15359969437122345,
            "y": 0.6932324171066284,
            "z": 0.1550203114748001
        }
    },
    "type": "motion_controller"
}