{
    "path": [
        "Acknowledged Pawn",
        "Properties",
        "Children",
        "Gren_EMP_Bomb_C Gren_EMP_Bomb_C_2147472643",
        "Components",
        "SkeletalMeshComponent Wep_Skeli"
    ],
    "state": {
        "hand": 1,
        "location_offset": {
            "x": 3.0,
            "y": 4.710000038146973,
            "z": -3.130000114440918
        },
        "permanent": true,
        "rotation_offset": {
            "w": 0.8892812132835388,
            "x": 0.457333505153656,
            "y": 0.004446460399776697,
            "z": -0.0022867205552756786
        }
    },
    "type": "motion_controller"
}