{
    "path": [
        "Acknowledged Pawn",
        "Properties",
        "Children",
        "Eqp_Binoculars_C Eqp_Binoculars_C_2147475445",
        "Components",
        "SkeletalMeshComponent Wep_Skeli"
    ],
    "state": {
        "hand": 1,
        "location_offset": {
            "x": 0.0,
            "y": 0.0,
            "z": 6.579999923706055
        },
        "permanent": true,
        "rotation_offset": {
            "w": -0.6323532462120056,
            "x": -0.27484044432640076,
            "y": 0.6642590165138245,
            "z": -0.2887076735496521
        }
    },
    "type": "motion_controller"
}