{
    "path": [
        "Acknowledged Pawn",
        "Properties",
        "Children",
        "Eqp_SprayPaint_C Eqp_SprayPaint_C_2147469049",
        "Components",
        "SkeletalMeshComponent Wep_Skeli"
    ],
    "state": {
        "hand": 1,
        "location_offset": {
            "x": -0.3050000071525574,
            "y": 27.56599998474121,
            "z": 4.905054569244385
        },
        "permanent": true,
        "rotation_offset": {
            "w": 0.8420411348342896,
            "x": 0.3021206259727478,
            "y": -0.4140224754810333,
            "z": 0.1681525558233261
        }
    },
    "type": "motion_controller"
}