{
    "path": [
        "Acknowledged Pawn",
        "Properties",
        "Children",
        "MeleeWep_CombatKnife_C MeleeWep_CombatKnife_C_2147469055",
        "Components",
        "SkeletalMeshComponent Wep_Skeli"
    ],
    "state": {
        "hand": 1,
        "location_offset": {
            "x": 0.03999999910593033,
            "y": 0.0,
            "z": 0.0
        },
        "permanent": true,
        "rotation_offset": {
            "w": -0.6417137980461121,
            "x": -0.2656472623348236,
            "y": 0.6686453819274902,
            "z": -0.26560938358306885
        }
    },
    "type": "motion_controller"
}