{
    "path": [
        "Acknowledged Pawn",
        "Properties",
        "Children",
        "Wep_SMG_02_C Wep_SMG_02_C_2147471424",
        "Components",
        "SkeletalMeshComponent Wep_Skeli"
    ],
    "state": {
        "hand": 1,
        "location_offset": {
            "x": 0.0,
            "y": 0.0,
            "z": 0.0
        },
        "permanent": true,
        "rotation_offset": {
            "w": -0.6801338791847229,
            "x": -0.11325176060199738,
            "y": 0.7144501805305481,
            "z": -0.11896591633558273
        }
    },
    "type": "motion_controller"
}