{
    "path": [
        "Acknowledged Pawn",
        "Components",
        "FirstPersonSkeletalMeshComponent FPMesh"
    ],
    "state": {
        "hand": 1,
        "location_offset": {
            "x": 16.564918518066406,
            "y": 50.06026840209961,
            "z": 9.166059494018555
        },
        "permanent": true,
        "rotation_offset": {
            "w": -0.7007685899734497,
            "x": -0.0044452836737036705,
            "y": 0.7131460309028625,
            "z": -0.018063781782984734
        }
    },
    "type": "motion_controller"
}