{
    "path": [
        "Acknowledged Pawn",
        "Properties",
        "Weapons",
        "BP_WeaponChild_Shotgun_C BP_WeaponChild_Shotgun_C_2147482308",
        "Components",
        "SkeletalMeshComponent SkeletalMesh"
    ],
    "state": {
        "hand": 1,
        "location_offset": {
            "x": 10.693628311157227,
            "y": 6.037323951721191,
            "z": -0.06791341304779053
        },
        "permanent": true,
        "rotation_offset": {
            "w": 0.7125590443611145,
            "x": 0.06828705966472626,
            "y": -0.6971527338027954,
            "z": -0.039687227457761765
        }
    },
    "type": "motion_controller"
}