{
    "path": [
        "Acknowledged Pawn",
        "Components",
        "SkeletalMeshComponent CharacterMesh0"
    ],
    "state": {
        "hand": 1,
        "location_offset": {
            "x": 31.116069793701172,
            "y": 144.12437438964844,
            "z": 18.27168083190918
        },
        "permanent": true,
        "rotation_offset": {
            "w": 0.7188752889633179,
            "x": 0.028752656653523445,
            "y": -0.6933736205101013,
            "z": 0.04030638188123703
        }
    },
    "type": "motion_controller"
}