{
    "path": [
        "Acknowledged Pawn",
        "Components",
        "GlimpseSkeletalMeshComponent CharacterMesh0",
        "Properties",
        "AttachChildren",
        "StaticMeshComponent StaticMeshComponent0"
    ],
    "state": {
        "hand": 1,
        "location_offset": {
            "x": -2.764281988143921,
            "y": 14.694477081298828,
            "z": -0.8407173156738281
        },
        "permanent": true,
        "rotation_offset": {
            "w": 0.8135016560554504,
            "x": 0.559723436832428,
            "y": -0.13436910510063171,
            "z": 0.08288678526878357
        }
    },
    "type": "motion_controller"
}