{
    "path": [
        "Acknowledged Pawn",
        "Properties",
        "RightWeaponActor",
        "Components",
        "SkeletalMeshComponent WeaponMesh1P"
    ],
    "state": {
        "hand": 1,
        "location_offset": {
            "x": -92.17027282714844,
            "y": -5.684226989746094,
            "z": 2.5113372802734375
        },
        "permanent": true,
        "rotation_offset": {
            "w": 0.700941264629364,
            "x": 0.03732634708285332,
            "y": -0.7117010354995728,
            "z": 0.027745088562369347
        }
    },
    "type": "motion_controller"
}