{
    "path": [
        "Acknowledged Pawn",
        "Properties",
        "WeaponController",
        "Properties",
        "CurrentWeapon",
        "Components",
        "SkeletalMeshComponent WeaponMesh"
    ],
    "state": {
        "hand": 2,
        "location_offset": {
            "x": -445.08575439453125,
            "y": -51.397308349609375,
            "z": -32.453399658203125
        },
        "permanent": false,
        "rotation_offset": {
            "w": 0.25716593861579895,
            "x": 0.8323357105255127,
            "y": 0.467080295085907,
            "z": 0.1513906568288803
        }
    },
    "type": "motion_controller"
}