{
    "offset": {
        "x": 11.300000190734863,
        "y": 1.5,
        "z": 60.900001525878906
    },
    "path": [
        "Acknowledged Pawn"
    ],
    "type": "camera"
}