{
    "path": [
        "Acknowledged Pawn",
        "Properties",
        "Children",
        "Rifle_MK18_C Rifle_MK18_C_2147344067",
        "Components",
        "SkeletalMeshComponent Main"
    ],
    "state": {
        "hand": 1,
        "location_offset": {
            "x": -0.022769927978515625,
            "y": -5.2361016273498535,
            "z": 33.819149017333984
        },
        "permanent": true,
        "rotation_offset": {
            "w": 0.9594740867614746,
            "x": 0.273886114358902,
            "y": 0.02498473785817623,
            "z": -0.061413414776325226
        }
    },
    "type": "motion_controller"
}