{
    "path": [
        "Acknowledged Pawn",
        "Components",
        "WidgetComponent Weapon Widget"
    ],
    "state": {
        "hand": 0,
        "location_offset": {
            "x": 0.7599999904632568,
            "y": -11.649999618530273,
            "z": -3.7699999809265137
        },
        "permanent": false,
        "rotation_offset": {
            "w": 0.23194289207458496,
            "x": -0.07814917713403702,
            "y": 0.9683338403701782,
            "z": 0.04924182593822479
        }
    },
    "type": "motion_controller"
}