{
    "path": [
        "Acknowledged Pawn",
        "Components",
        "TextRenderComponent TextRender"
    ],
    "state": {
        "hand": 0,
        "location_offset": {
            "x": -0.27000001072883606,
            "y": -3.5,
            "z": 0.0
        },
        "permanent": false,
        "rotation_offset": {
            "w": -0.04539404809474945,
            "x": -0.12949824333190918,
            "y": 0.9905222654342651,
            "z": 0.005934697110205889
        }
    },
    "type": "motion_controller"
}