{
    "path": [
        "Acknowledged Pawn",
        "Components",
        "WidgetComponent Health Widget"
    ],
    "state": {
        "hand": 0,
        "location_offset": {
            "x": 2.5199999809265137,
            "y": -21.969999313354492,
            "z": -1.659999966621399
        },
        "permanent": false,
        "rotation_offset": {
            "w": -0.03461436927318573,
            "x": -0.152199849486351,
            "y": 0.9854275584220886,
            "z": 0.0675983875989914
        }
    },
    "type": "motion_controller"
}