{
    "offset": {
        "x": 49.20000076293945,
        "y": 0.0,
        "z": 200.39999389648438
    },
    "path": [
        "Acknowledged Pawn"
    ],
    "type": "camera"
}