{
    "offset": {
        "x": 391.70001220703125,
        "y": 0.0,
        "z": -17.399999618530273
    },
    "path": [
        "Camera Manager",
        "Properties",
        "RootComponent"
    ],
    "type": "camera"
}