{
    "path": [
        "Acknowledged Pawn",
        "Components",
        "SpringArmComponent NODE_AddSpringArmComponent-0"
    ],
    "state": {
        "hand": 1,
        "location_offset": {
            "x": 10.684122085571289,
            "y": -16.481834411621094,
            "z": -14.89091682434082
        },
        "permanent": false,
        "rotation_offset": {
            "w": 0.9991075992584229,
            "x": -0.03538687899708748,
            "y": 0.021089524030685425,
            "z": 0.009312854148447514
        }
    },
    "type": "motion_controller"
}