{
    "path": [
        "Acknowledged Pawn",
        "Components",
        "PalShooterComponent ShooterComponent",
        "Properties",
        "HasWeapon",
        "Components",
        "SkeletalMeshComponent SkeletalMesh"
    ],
    "state": {
        "hand": 1,
        "location_offset": {
            "x": 1.9078741073608398,
            "y": -2.1786863803863525,
            "z": 11.48326301574707
        },
        "permanent": true,
        "rotation_offset": {
            "w": -0.9895151257514954,
            "x": -0.06201593577861786,
            "y": -0.1099444329738617,
            "z": 0.0701863169670105
        }
    },
    "type": "motion_controller"
}