{
    "path": [
        "Acknowledged Pawn",
        "Properties",
        "Children",
        "BP_Lamp_C BP_Lamp_C_2147223944",
        "Components",
        "SceneComponent DefaultSceneRoot"
    ],
    "state": {
        "hand": 1,
        "location_offset": {
            "x": 31.34130859375,
            "y": 0.0,
            "z": 14.359375
        },
        "permanent": true,
        "rotation_offset": {
            "w": -0.6477879881858826,
            "x": -0.0009701913222670555,
            "y": 0.7420986294746399,
            "z": -0.17221878468990326
        }
    },
    "type": "motion_controller"
}