{
    "path": [
        "Acknowledged Pawn",
        "Components",
        "PalShooterComponent ShooterComponent",
        "Properties",
        "HasWeapon",
        "Components",
        "SkeletalMeshComponent Mesh"
    ],
    "state": {
        "hand": 1,
        "location_offset": {
            "x": -6.2742156982421875,
            "y": -30.71387481689453,
            "z": 8.448087692260742
        },
        "permanent": true,
        "rotation_offset": {
            "w": 0.17188115417957306,
            "x": -0.14895212650299072,
            "y": -0.5649439096450806,
            "z": 0.7931638360023499
        }
    },
    "type": "motion_controller"
}