{
    "path": [
        "Acknowledged Pawn",
        "Components",
        "SkeletalMeshComponent CharacterMesh0",
        "Properties",
        "AttachChildren",
        "SkeletalMeshComponent SK_Hands_015"
    ],
    "state": {
        "hand": 1,
        "location_offset": {
            "x": -9.287742614746094,
            "y": 52.972816467285156,
            "z": -2.3280029296875
        },
        "permanent": true,
        "rotation_offset": {
            "w": -0.8356438875198364,
            "x": 0.20625777542591095,
            "y": 0.347456693649292,
            "z": 0.37206321954727173
        }
    },
    "type": "motion_controller"
}