{
    "path": [
        "Acknowledged Pawn",
        "Components",
        "ChildActorComponent Weapon",
        "Properties",
        "ChildActor",
        "Components",
        "SkeletalMeshComponent SkeletalMesh"
    ],
    "state": {
        "hand": 1,
        "location_offset": {
            "x": -3.2709999084472656,
            "y": -6.866000175476074,
            "z": -1.8109999895095825
        },
        "permanent": true,
        "rotation_offset": {
            "w": -0.6494215130805969,
            "x": 0.019421754404902458,
            "y": 0.7601783871650696,
            "z": 0.001822292455472052
        }
    },
    "type": "motion_controller"
}