{
    "path": [
        "Acknowledged Pawn",
        "Components",
        "ChildActorComponent Weapon_r"
    ],
    "state": {
        "hand": 1,
        "location_offset": {
            "x": -0.6855525970458984,
            "y": 3.674151659011841,
            "z": 8.723518371582031
        },
        "permanent": true,
        "rotation_offset": {
            "w": 0.9959959387779236,
            "x": 0.0775749459862709,
            "y": -0.023457419127225876,
            "z": 0.037738338112831116
        }
    },
    "type": "motion_controller"
}