{
    "offset": {
        "x": 231.39999389648438,
        "y": 0.0,
        "z": -34.70000076293945
    },
    "path": [
        "Camera Manager"
    ],
    "type": "camera"
}