{
    "path": [
        "Acknowledged Pawn",
        "Components",
        "SkeletalMeshComponent Tool1P"
    ],
    "state": {
        "hand": 1,
        "location_offset": {
            "x": 3.2306089401245117,
            "y": 29.056392669677734,
            "z": 9.64077091217041
        },
        "permanent": false,
        "rotation_offset": {
            "w": 0.9721763134002686,
            "x": -0.13126471638679504,
            "y": -0.17746327817440033,
            "z": -0.07841888815164566
        }
    },
    "type": "motion_controller"
}