{
    "path": [
        "Acknowledged Pawn",
        "Components",
        "SkeletalMeshComponent SkeletalMeshComponent_2147472385"
    ],
    "state": {
        "hand": 0,
        "location_offset": {
            "x": -79.30841064453125,
            "y": 120.23347473144531,
            "z": -24.29369354248047
        },
        "permanent": true,
        "rotation_offset": {
            "w": 0.7077853679656982,
            "x": -0.4386499226093292,
            "y": 0.12093929201364517,
            "z": -0.5403700470924377
        }
    },
    "type": "motion_controller"
}