{
    "path": [
        "Acknowledged Pawn",
        "Components",
        "SkeletalMeshComponent Tool1P"
    ],
    "state": {
        "hand": 1,
        "location_offset": {
            "x": 0.13219070434570313,
            "y": 25.39630889892578,
            "z": 18.39422607421875
        },
        "permanent": false,
        "rotation_offset": {
            "w": -0.9863858819007874,
            "x": 0.10480088740587234,
            "y": 0.12640270590782166,
            "z": 0.009077448397874832
        }
    },
    "type": "motion_controller"
}