{
    "offset": {
        "x": 20.700000762939453,
        "y": 0.0,
        "z": 85.9000015258789
    },
    "path": [
        "Acknowledged Pawn"
    ],
    "type": "camera"
}