{
    "path": [
        "Acknowledged Pawn",
        "Components",
        "SceneComponent MeshLocationHelper"
    ],
    "state": {
        "hand": 2,
        "location_offset": {
            "x": 7.474824905395508,
            "y": 175.43359375,
            "z": -17.031696319580078
        },
        "permanent": false,
        "rotation_offset": {
            "w": 0.997395396232605,
            "x": -0.0436963215470314,
            "y": -0.05120411515235901,
            "z": -0.0259073618799448
        }
    },
    "type": "motion_controller"
}