{
    "path": [
        "Acknowledged Pawn",
        "Properties",
        "LongarmSkeletal"
    ],
    "state": {
        "hand": 1,
        "location_offset": {
            "x": 0.0,
            "y": 0.0,
            "z": 0.0
        },
        "permanent": true,
        "rotation_offset": {
            "w": 0.7641759514808655,
            "x": -0.022932162508368492,
            "y": 0.644309937953949,
            "z": 0.01933509297668934
        }
    },
    "type": "motion_controller"
}