{
    "path": [
        "Acknowledged Pawn",
        "Components",
        "FirstPersonStaticMeshComponent BuildToolMeshFP_2147467026"
    ],
    "state": {
        "hand": 0,
        "location_offset": {
            "x": -7.729347229003906,
            "y": 0.5683035850524902,
            "z": -24.724987030029297
        },
        "permanent": true,
        "rotation_offset": {
            "w": 0.7184722423553467,
            "x": -0.03164274990558624,
            "y": -0.0010968893766403198,
            "z": -0.6948345899581909
        }
    },
    "type": "motion_controller"
}