{
    "path": [
        "Acknowledged Pawn",
        "Components",
        "FirstPersonStaticMeshComponent BuildToolMeshFP_2147458583"
    ],
    "state": {
        "hand": 0,
        "location_offset": {
            "x": -1.5204658508300781,
            "y": -0.3180866241455078,
            "z": -14.761327743530273
        },
        "permanent": true,
        "rotation_offset": {
            "w": 0.9588358402252197,
            "x": -0.08624064922332764,
            "y": -0.039528071880340576,
            "z": -0.2676447331905365
        }
    },
    "type": "motion_controller"
}