{
    "path": [
        "Acknowledged Pawn",
        "Components",
        "FirstPersonStaticMeshComponent BuildToolMeshFP_2147477452"
    ],
    "state": {
        "hand": 0,
        "location_offset": {
            "x": -0.3632688522338867,
            "y": -1.3270645141601563,
            "z": -19.356475830078125
        },
        "permanent": true,
        "rotation_offset": {
            "w": 0.8067798614501953,
            "x": -0.0347912460565567,
            "y": -0.036484017968177795,
            "z": -0.5886971950531006
        }
    },
    "type": "motion_controller"
}