{
    "path": [
        "Acknowledged Pawn",
        "Components",
        "SkeletalMeshComponent WeaponBase"
    ],
    "state": {
        "hand": 1,
        "location_offset": {
            "x": -5.274058818817139,
            "y": 15.10135269165039,
            "z": 33.59539031982422
        },
        "permanent": true,
        "rotation_offset": {
            "w": 0.4687156677246094,
            "x": -0.7541968822479248,
            "y": -0.39534246921539307,
            "z": -0.2349403202533722
        }
    },
    "type": "motion_controller"
}