{
    "path": [
        "Acknowledged Pawn",
        "Components",
        "FirstPersonStaticMeshComponent BuildToolMeshFP_2147462752"
    ],
    "state": {
        "hand": 0,
        "location_offset": {
            "x": -8.018526077270508,
            "y": 1.8756675720214844,
            "z": -22.65985679626465
        },
        "permanent": true,
        "rotation_offset": {
            "w": 0.7554962038993835,
            "x": 0.024230122566223145,
            "y": 0.003504319116473198,
            "z": -0.6546955704689026
        }
    },
    "type": "motion_controller"
}