{
    "path": [
        "Acknowledged Pawn",
        "Components",
        "FirstPersonStaticMeshComponent BuildToolMeshFP_2147471580"
    ],
    "state": {
        "hand": 0,
        "location_offset": {
            "x": -0.2325916290283203,
            "y": 1.1479921340942383,
            "z": -21.238122940063477
        },
        "permanent": true,
        "rotation_offset": {
            "w": 0.9006315469741821,
            "x": 0.040500491857528687,
            "y": -0.04454595968127251,
            "z": -0.4303929805755615
        }
    },
    "type": "motion_controller"
}