{
    "offset": {
        "x": 17.700000762939453,
        "y": 0.10000000149011612,
        "z": 73.94320678710938
    },
    "path": [
        "Acknowledged Pawn"
    ],
    "type": "camera"
}