{
    "path": [
        "Acknowledged Pawn",
        "Properties",
        "Children",
        "BP_Machete_C BP_Machete_C_2147460473",
        "Properties",
        "WeaponMesh"
    ],
    "state": {
        "hand": 1,
        "location_offset": {
            "x": 0.0,
            "y": 0.0,
            "z": 0.0
        },
        "permanent": true,
        "rotation_offset": {
            "w": -0.07499607652425766,
            "x": -0.024947749450802803,
            "y": 0.7048953175544739,
            "z": -0.7048941850662231
        }
    },
    "type": "motion_controller"
}