{
    "path": [
        "Player Controller",
        "Properties",
        "Character",
        "Components",
        "SkeletalMeshComponent GameplayHands"
    ],
    "state": {
        "hand": 1,
        "location_offset": {
            "x": -5.746025085449219,
            "y": 151.21578979492188,
            "z": 21.300682067871094
        },
        "permanent": false,
        "rotation_offset": {
            "w": 0.979423463344574,
            "x": 0.07491518557071686,
            "y": -0.07724177837371826,
            "z": 0.1707368642091751
        }
    },
    "type": "motion_controller"
}