{
    "path": [
        "Acknowledged Pawn",
        "Properties",
        "Children",
        "BP_EnergyRail_C BP_EnergyRail_C_2147461631",
        "Components",
        "SkeletalMeshComponent WeaponMesh"
    ],
    "state": {
        "hand": 1,
        "location_offset": {
            "x": -4.699999809265137,
            "y": -2.8499999046325684,
            "z": 0.0
        },
        "permanent": true,
        "rotation_offset": {
            "w": -0.7070348262786865,
            "x": 3.293014749772283e-09,
            "y": 0.7071787714958191,
            "z": -3.2923441750654092e-09
        }
    },
    "type": "motion_controller"
}