{
    "offset": {
        "x": 9.100000381469727,
        "y": -8.199999809265137,
        "z": 70.4000015258789
    },
    "path": [
        "Acknowledged Pawn"
    ],
    "type": "camera"
}