{
    "path": [
        "Acknowledged Pawn",
        "Components",
        "StaticMeshComponent WristBandOn"
    ],
    "state": {
        "hand": 1,
        "location_offset": {
            "x": -16.756288528442383,
            "y": 8.992359161376953,
            "z": 10.91745376586914
        },
        "permanent": true,
        "rotation_offset": {
            "w": -0.4598608613014221,
            "x": -0.6145773530006409,
            "y": -0.6390022039413452,
            "z": -0.049991488456726074
        }
    },
    "type": "motion_controller"
}