{
    "path": [
        "Acknowledged Pawn",
        "Components",
        "StaticMeshComponent FlashHand"
    ],
    "state": {
        "hand": 1,
        "location_offset": {
            "x": 0.5826619267463684,
            "y": 2.1454267501831055,
            "z": -0.07973182201385498
        },
        "permanent": true,
        "rotation_offset": {
            "w": -0.7240557074546814,
            "x": -0.0998232364654541,
            "y": 0.6809989809989929,
            "z": 0.044934362173080444
        }
    },
    "type": "motion_controller"
}