{
    "path": [
        "Acknowledged Pawn",
        "Components",
        "ChildActorComponent RightHandSpine"
    ],
    "state": {
        "hand": 1,
        "location_offset": {
            "x": 0.0,
            "y": 0.0,
            "z": 0.0
        },
        "permanent": false,
        "rotation_offset": {
            "w": 0.4767724871635437,
            "x": 0.3136998116970062,
            "y": 0.7003172636032104,
            "z": -0.42876118421554565
        }
    },
    "type": "motion_controller"
}