{
    "offset": {
        "x": 6.199999809265137,
        "y": 0.0,
        "z": 29.100000381469727
    },
    "path": [
        "Acknowledged Pawn",
        "Properties",
        "DriverActor"
    ],
    "type": "camera"
}