{
    "path": [
        "Camera Manager",
        "Properties",
        "Character",
        "Components",
        "ChildActorComponent Candle"
    ],
    "state": {
        "hand": 1,
        "location_offset": {
            "x": -0.015195965766906738,
            "y": -3.3085174560546875,
            "z": -1.9231948852539063
        },
        "permanent": false,
        "rotation_offset": {
            "w": -0.05151443928480148,
            "x": 0.024917474016547203,
            "y": -0.9978347420692444,
            "z": -0.0324254147708416
        }
    },
    "type": "motion_controller"
}