{
    "offset": {
        "x": -24.399999618530273,
        "y": 6.800000190734863,
        "z": 54.49300003051758
    },
    "path": [
        "Acknowledged Pawn"
    ],
    "type": "camera"
}