{
    "path": [
        "Acknowledged Pawn",
        "Properties",
        "Children",
        "DB_Shotgun_C DB_Shotgun_C_2147481982",
        "Components",
        "SkeletalMeshComponent SkeletalMesh"
    ],
    "state": {
        "hand": 1,
        "location_offset": {
            "x": -4.390295028686523,
            "y": -4.491500377655029,
            "z": 3.7314066886901855
        },
        "permanent": true,
        "rotation_offset": {
            "w": -0.8442032337188721,
            "x": -0.06293171644210815,
            "y": 0.5285972952842712,
            "z": -0.06281270086765289
        }
    },
    "type": "motion_controller"
}