{
    "path": [
        "Acknowledged Pawn",
        "Properties",
        "LastCurrentWeapon",
        "Components",
        "SkeletalMeshComponent Mesh"
    ],
    "state": {
        "hand": 1,
        "location_offset": {
            "x": -17.962020874023438,
            "y": 17.80191421508789,
            "z": -2.843806266784668
        },
        "permanent": true,
        "rotation_offset": {
            "w": -0.7059795260429382,
            "x": -0.01783270575106144,
            "y": 0.7079480290412903,
            "z": -0.009192615747451782
        }
    },
    "type": "motion_controller"
}