{
    "path": [
        "Acknowledged Pawn",
        "Properties",
        "Weapon",
        "Components",
        "MySkeletalMeshComponent MainMesh"
    ],
    "state": {
        "hand": 1,
        "location_offset": {
            "x": -30.15497589111328,
            "y": -0.8872029781341553,
            "z": -1.1267261505126953
        },
        "permanent": true,
        "rotation_offset": {
            "w": -0.7080899477005005,
            "x": -0.05325005203485489,
            "y": 0.7029640078544617,
            "z": 0.040179502218961716
        }
    },
    "type": "motion_controller"
}