{
    "offset": {
        "x": 0.0,
        "y": 26.899999618530273,
        "z": 163.8000030517578
    },
    "path": [
        "Acknowledged Pawn",
        "Properties",
        "Mesh"
    ],
    "type": "camera"
}