{
    "offset": {
        "x": -14.600000381469727,
        "y": 26.100000381469727,
        "z": 179.45399475097656
    },
    "path": [
        "Acknowledged Pawn",
        "Components",
        "SkeletalMeshComponent Mesh3P"
    ],
    "type": "camera"
}