{
    "path": [
        "Acknowledged Pawn",
        "Properties",
        "Children",
        "M1911_C M1911_C_2147481986",
        "Properties",
        "SkeletalMesh"
    ],
    "state": {
        "hand": 1,
        "location_offset": {
            "x": -10.833502769470215,
            "y": 3.4045162200927734,
            "z": -6.325954437255859
        },
        "permanent": true,
        "rotation_offset": {
            "w": 0.7025107741355896,
            "x": 0.07693847268819809,
            "y": -0.7053378820419312,
            "z": -0.05529747158288956
        }
    },
    "type": "motion_controller"
}