{
    "path": [
        "Acknowledged Pawn",
        "Properties",
        "Children",
        "CRWDMachineGun_BP_C CRWDMachineGun_BP_C_2147415785",
        "Components",
        "CRSkeletalMeshComponent Mesh"
    ],
    "state": {
        "hand": 1,
        "location_offset": {
            "x": -0.050788164138793945,
            "y": 2.8656117916107178,
            "z": -5.685182094573975
        },
        "permanent": false,
        "rotation_offset": {
            "w": 0.7456921339035034,
            "x": -0.6434402465820313,
            "y": 0.14080415666103363,
            "z": -0.10050904005765915
        }
    },
    "type": "motion_controller"
}