{
    "path": [
        "Acknowledged Pawn",
        "Properties",
        "Children",
        "CRDivineSniper_BP_C CRDivineSniper_BP_C_2147414354",
        "Components",
        "CRSkeletalMeshComponent Mesh"
    ],
    "state": {
        "hand": 1,
        "location_offset": {
            "x": 2.2953243255615234,
            "y": 6.681209564208984,
            "z": 3.0003247261047363
        },
        "permanent": false,
        "rotation_offset": {
            "w": 0.7582422494888306,
            "x": -0.6231842637062073,
            "y": 0.1734326332807541,
            "z": -0.0814325138926506
        }
    },
    "type": "motion_controller"
}