{
    "path": [
        "Acknowledged Pawn",
        "Properties",
        "Children",
        "CRWDivinePistolNew_BP_C CRWDivinePistolNew_BP_C_2147469270",
        "Components",
        "CRSkeletalMeshComponent Mesh"
    ],
    "state": {
        "hand": 1,
        "location_offset": {
            "x": 0.08758354187011719,
            "y": 4.630553245544434,
            "z": -3.690464973449707
        },
        "permanent": false,
        "rotation_offset": {
            "w": 0.7551971077919006,
            "x": -0.6316547989845276,
            "y": 0.10112763941287994,
            "z": -0.14304900169372559
        }
    },
    "type": "motion_controller"
}