{
    "path": [
        "Player Controller",
        "Properties",
        "Children",
        "BP_WbPlayerCharacter_C BP_WbPlayerCharacter_C_2147478745",
        "Properties",
        "Children",
        "BP_WbWaterpistol_C BP_WbWaterpistol_C_UAID_04421AEDE901DE1602_1974630821",
        "Components",
        "NiagaraComponent NiagaraComponentWater"
    ],
    "state": {
        "hand": 1,
        "location_offset": {
            "x": -35.863189697265625,
            "y": -7.10484504699707,
            "z": 7.514439582824707
        },
        "permanent": true,
        "rotation_offset": {
            "w": -0.706393837928772,
            "x": 0.2051423192024231,
            "y": 0.6323537230491638,
            "z": -0.24300849437713623
        }
    },
    "type": "motion_controller"
}