{
    "path": [
        "Player Controller",
        "Properties",
        "Children",
        "BP_WbPlayerCharacter_C BP_WbPlayerCharacter_C_2147478745",
        "Properties",
        "Children",
        "BP_WbWaterpistol_C BP_WbWaterpistol_C_UAID_04421AEDE901DE1602_1974630821",
        "Components",
        "StaticMeshComponent SM_FireNoozle"
    ],
    "state": {
        "hand": 1,
        "location_offset": {
            "x": -0.28355884552001953,
            "y": 14.984816551208496,
            "z": 0.3220856189727783
        },
        "permanent": true,
        "rotation_offset": {
            "w": 0.9979246854782104,
            "x": -0.007854804396629333,
            "y": 0.01127726398408413,
            "z": 0.06291059404611588
        }
    },
    "type": "motion_controller"
}