{
    "path": [
        "Acknowledged Pawn",
        "Components",
        "SkeletalMeshComponent CharacterMesh0"
    ],
    "state": {
        "hand": 2,
        "location_offset": {
            "x": 4.501551628112793,
            "y": 174.093505859375,
            "z": -18.24553108215332
        },
        "permanent": false,
        "rotation_offset": {
            "w": 0.999629020690918,
            "x": -0.003365902230143547,
            "y": 0.01270952820777893,
            "z": -0.02385459654033184
        }
    },
    "type": "motion_controller"
}