{
    "path": [
        "Acknowledged Pawn",
        "Properties",
        "Children",
        "BP_Item_SpellCast_Fire_Ball_C BP_Item_SpellCast_Fire_Ball_C_2147442480",
        "Components",
        "SkeletalMeshComponent Hands"
    ],
    "state": {
        "hand": 1,
        "location_offset": {
            "x": 72.88523864746094,
            "y": -16.843826293945313,
            "z": 38.05997085571289
        },
        "permanent": false,
        "rotation_offset": {
            "w": 0.43464356660842896,
            "x": 0.11942407488822937,
            "y": -0.8925041556358337,
            "z": 0.016104258596897125
        }
    },
    "type": "motion_controller"
}