{
    "path": [
        "Acknowledged Pawn",
        "Properties",
        "m_pFlashlightGadget",
        "Components",
        "StaticMeshComponent SM_BigFlashlight"
    ],
    "state": {
        "hand": 1,
        "location_offset": {
            "x": 0.3911266624927521,
            "y": -0.20834213495254517,
            "z": 0.08034709095954895
        },
        "permanent": true,
        "rotation_offset": {
            "w": -0.5077509880065918,
            "x": -0.5073063969612122,
            "y": -0.4893372654914856,
            "z": 0.4953567087650299
        }
    },
    "type": "motion_controller"
}