{
    "path": [
        "Acknowledged Pawn",
        "Properties",
        "m_pFlashlightGadget",
        "Components",
        "StaticMeshComponent SM_SmallFlashlight"
    ],
    "state": {
        "hand": 1,
        "location_offset": {
            "x": 0.24111197888851166,
            "y": -0.013445615768432617,
            "z": 0.05048263818025589
        },
        "permanent": true,
        "rotation_offset": {
            "w": -0.4964689314365387,
            "x": -0.5195173025131226,
            "y": -0.48046329617500305,
            "z": 0.5027677416801453
        }
    },
    "type": "motion_controller"
}