{
    "path": [
        "Acknowledged Pawn",
        "Properties",
        "m_pFlashlightGadget",
        "Components",
        "StaticMeshComponent StaticMesh"
    ],
    "state": {
        "hand": 1,
        "location_offset": {
            "x": -2.281858444213867,
            "y": -12.565832138061523,
            "z": 6.822162628173828
        },
        "permanent": true,
        "rotation_offset": {
            "w": -0.6882107257843018,
            "x": -0.7178157567977905,
            "y": 0.09589496999979019,
            "z": -0.04371502995491028
        }
    },
    "type": "motion_controller"
}