{
    "path": [
        "Acknowledged Pawn",
        "Components",
        "SkeletalMeshComponent Axe"
    ],
    "state": {
        "hand": 1,
        "location_offset": {
            "x": -3.0980064868927,
            "y": 5.734575271606445,
            "z": 0.25940442085266113
        },
        "permanent": false,
        "rotation_offset": {
            "w": -0.6861090064048767,
            "x": -0.14686399698257446,
            "y": 0.7006584405899048,
            "z": -0.12947247922420502
        }
    },
    "type": "motion_controller"
}