{
    "path": [
        "Acknowledged Pawn",
        "Components",
        "SkeletalMeshComponent Knife"
    ],
    "state": {
        "hand": 1,
        "location_offset": {
            "x": 0.0,
            "y": 0.0,
            "z": 0.0
        },
        "permanent": false,
        "rotation_offset": {
            "w": -0.5918934345245361,
            "x": -0.1766284704208374,
            "y": 0.7535870671272278,
            "z": -0.22488009929656982
        }
    },
    "type": "motion_controller"
}