{
    "path": [
        "Acknowledged Pawn",
        "Components",
        "SkeletalMeshComponent BoltAxe"
    ],
    "state": {
        "hand": 1,
        "location_offset": {
            "x": 0.0,
            "y": 0.0,
            "z": 0.0
        },
        "permanent": false,
        "rotation_offset": {
            "w": -0.6539735198020935,
            "x": -0.1809924989938736,
            "y": 0.7079357504844666,
            "z": -0.19592683017253876
        }
    },
    "type": "motion_controller"
}