{
    "path": [
        "Acknowledged Pawn",
        "Components",
        "ChildActorComponent HorrorEngine",
        "Properties",
        "ChildActor",
        "Components",
        "StaticMeshComponent FlashlightMesh"
    ],
    "state": {
        "hand": 1,
        "location_offset": {
            "x": -4.333499908447266,
            "y": 0.4817270040512085,
            "z": 7.688215255737305
        },
        "permanent": false,
        "rotation_offset": {
            "w": 0.999155580997467,
            "x": 0.027354346588253975,
            "y": 0.028682522475719452,
            "z": 0.010810445994138718
        }
    },
    "type": "motion_controller"
}