{
    "path": [
        "Acknowledged Pawn",
        "Components",
        "PlayerInventoryComponent Player Inverntory",
        "Properties",
        "EquippedWeapon",
        "Components",
        "SkeletalMeshComponent Mesh"
    ],
    "state": {
        "hand": 1,
        "location_offset": {
            "x": -5.133955001831055,
            "y": 18.131349563598633,
            "z": 36.43975830078125
        },
        "permanent": true,
        "rotation_offset": {
            "w": 0.012274354696273804,
            "x": 0.021809160709381104,
            "y": 0.9898027777671814,
            "z": -0.14022821187973022
        }
    },
    "type": "motion_controller"
}