{
    "path": [
        "Acknowledged Pawn",
        "Components",
        "SkeletalMeshComponent CharacterMesh0",
        "Properties",
        "AttachChildren",
        "SkeletalMeshComponent WeaponMesh"
    ],
    "state": {
        "hand": 1,
        "location_offset": {
            "x": -0.5210000276565552,
            "y": 2.1646556854248047,
            "z": 21.62610626220703
        },
        "permanent": true,
        "rotation_offset": {
            "w": 0.9983333945274353,
            "x": 0.050215449184179306,
            "y": 0.02106589823961258,
            "z": 0.01911892369389534
        }
    },
    "type": "motion_controller"
}