{
    "path": [
        "Acknowledged Pawn",
        "Components",
        "SkeletalMeshComponent KLAS"
    ],
    "state": {
        "hand": 0,
        "location_offset": {
            "x": 11.949999809265137,
            "y": 9.350000381469727,
            "z": 0.5099999904632568
        },
        "permanent": false,
        "rotation_offset": {
            "w": 0.8501279354095459,
            "x": 0.06387940794229507,
            "y": -0.5212178826332092,
            "z": 0.03916480764746666
        }
    },
    "type": "motion_controller"
}