{
    "path": [
        "Acknowledged Pawn",
        "Components",
        "StaticMeshComponent scanner"
    ],
    "state": {
        "hand": 0,
        "location_offset": {
            "x": 0.0,
            "y": 0.0,
            "z": 0.0
        },
        "permanent": false,
        "rotation_offset": {
            "w": 0.8536378145217896,
            "x": 0.3459128141403198,
            "y": 0.3609125018119812,
            "z": -0.14624978601932526
        }
    },
    "type": "motion_controller"
}