{
    "path": [
        "Acknowledged Pawn",
        "Components",
        "StaticMeshComponent Shovel"
    ],
    "state": {
        "hand": 1,
        "location_offset": {
            "x": 0.0,
            "y": 0.0,
            "z": 0.0
        },
        "permanent": false,
        "rotation_offset": {
            "w": 0.7316797375679016,
            "x": 0.003658427158370614,
            "y": 0.6816301941871643,
            "z": -0.0034081777557730675
        }
    },
    "type": "motion_controller"
}