{
    "path": [
        "Acknowledged Pawn",
        "Components",
        "StaticMeshComponent dyna"
    ],
    "state": {
        "hand": 1,
        "location_offset": {
            "x": 0.0,
            "y": 0.0,
            "z": 0.0
        },
        "permanent": false,
        "rotation_offset": {
            "w": 0.5956218242645264,
            "x": 0.3945034444332123,
            "y": 0.5833613276481628,
            "z": -0.38638222217559814
        }
    },
    "type": "motion_controller"
}