{
    "path": [
        "Acknowledged Pawn",
        "Components",
        "StaticMeshComponent FlashHand"
    ],
    "state": {
        "hand": 1,
        "location_offset": {
            "x": -3.864910840988159,
            "y": -0.12123799324035645,
            "z": 0.9437828063964844
        },
        "permanent": false,
        "rotation_offset": {
            "w": 0.7396403551101685,
            "x": 0.09041948616504669,
            "y": -0.6666954159736633,
            "z": -0.016537651419639587
        }
    },
    "type": "motion_controller"
}