{
    "offset": {
        "x": 19.700000762939453,
        "y": 0.0,
        "z": 84.5999984741211
    },
    "path": [
        "Acknowledged Pawn"
    ],
    "type": "camera"
}