{
    "offset": {
        "x": 0.0,
        "y": -1.600000023841858,
        "z": 169.9980010986328
    },
    "path": [
        "Acknowledged Pawn"
    ],
    "type": "camera"
}