{
    "path": [
        "Acknowledged Pawn",
        "Properties",
        "Children",
        "Pickaxe_C Pickaxe_C_2147481982",
        "Components",
        "StaticMeshComponent Pickaxe"
    ],
    "state": {
        "hand": 1,
        "location_offset": {
            "x": -1.6849956512451172,
            "y": -10.73212718963623,
            "z": -5.600419998168945
        },
        "permanent": true,
        "rotation_offset": {
            "w": 0.5459353923797607,
            "x": 0.3794954717159271,
            "y": -0.6508309245109558,
            "z": 0.366547167301178
        }
    },
    "type": "motion_controller"
}