{
    "offset": {
        "x": -4.699999809265137,
        "y": -8.199999809265137,
        "z": 70.9000015258789
    },
    "path": [
        "Acknowledged Pawn"
    ],
    "type": "camera"
}