{
    "path": [
        "Acknowledged Pawn",
        "Components",
        "SpotLightComponent SpotLight"
    ],
    "state": {
        "hand": 1,
        "location_offset": {
            "x": -0.9100000262260437,
            "y": 0.4099999964237213,
            "z": 15.65999984741211
        },
        "permanent": true,
        "rotation_offset": {
            "w": 0.9332658648490906,
            "x": -0.3512839078903198,
            "y": -0.070126473903656,
            "z": -0.026395803317427635
        }
    },
    "type": "motion_controller"
}