{
    "path": [
        "Acknowledged Pawn",
        "Properties",
        "Watch"
    ],
    "state": {
        "hand": 0,
        "location_offset": {
            "x": 1.3899999856948853,
            "y": -1.7400000095367432,
            "z": -5.889999866485596
        },
        "permanent": false,
        "rotation_offset": {
            "w": 0.9343768358230591,
            "x": -0.0318453274667263,
            "y": 0.13665437698364258,
            "z": -0.32749253511428833
        }
    },
    "type": "motion_controller"
}