{
    "path": [
        "Acknowledged Pawn",
        "Properties",
        "MST_BP_GPSControl_Component",
        "Properties",
        "GPS",
        "Properties",
        "StaticMesh"
    ],
    "state": {
        "hand": 0,
        "location_offset": {
            "x": 5.670000076293945,
            "y": -0.550000011920929,
            "z": -2.9600000381469727
        },
        "permanent": false,
        "rotation_offset": {
            "w": 0.06357776373624802,
            "x": 0.009283935651183128,
            "y": 0.987461268901825,
            "z": -0.1441938579082489
        }
    },
    "type": "motion_controller"
}