{
    "offset": {
        "x": 2.299999952316284,
        "y": 0.0,
        "z": 5.199999809265137
    },
    "path": [
        "Acknowledged Pawn"
    ],
    "type": "camera"
}