{
    "offset": {
        "x": -10.600000381469727,
        "y": 2.5999999046325684,
        "z": 163.39999389648438
    },
    "path": [
        "Acknowledged Pawn",
        "Components",
        "SkeletalMeshComponent CharacterMesh0"
    ],
    "type": "camera"
}